url,label,is_rep
http://i.imgur.com/JnFHwvz.jpg,repsneakers,rep
http://i.imgur.com/j1ehWvb.jpg,repsneakers,rep
http://i.imgur.com/3cxOfDC.jpg,repsneakers,rep
http://i.imgur.com/rVwqpP0.jpg,repsneakers,rep
http://i.imgur.com/WAvnvm0.jpg,repsneakers,rep
http://i.imgur.com/8bTKLGY.jpg,repsneakers,rep
http://i.imgur.com/6BZONeo.jpg,repsneakers,rep
http://i.imgur.com/aJhgV3l.jpg,repsneakers,rep
http://i.imgur.com/eoAbIl8.jpg,repsneakers,rep
http://i.imgur.com/V3HA9r4.jpg,repsneakers,rep
http://i.imgur.com/lCpMQK6.jpg,repsneakers,rep
http://i.imgur.com/0AeI3Mn.jpg,repsneakers,rep
http://i.imgur.com/ChRRrCT.jpg,repsneakers,rep
http://i.imgur.com/17zEj8y.jpg,repsneakers,rep
http://i.imgur.com/sBFz1i0.jpg,repsneakers,rep
http://i.imgur.com/PFb3nem.jpg,repsneakers,rep
http://i.imgur.com/SMJVAii.jpg,repsneakers,rep
http://i.imgur.com/I0AoGlA.jpg,repsneakers,rep
http://i.imgur.com/prbOnIB.jpg,repsneakers,rep
http://i.imgur.com/PaVXlzL.jpg,repsneakers,rep
http://i.imgur.com/Xul7YmH.jpg,repsneakers,rep
http://i.imgur.com/yLKokkj.jpg,repsneakers,rep
http://i.imgur.com/JCgDPyy.jpg,repsneakers,rep
http://i.imgur.com/Gq2hUbs.jpg,repsneakers,rep
http://i.imgur.com/DQyu9UN.jpg,repsneakers,rep
http://i.imgur.com/G3oNfp4.jpg,repsneakers,rep
http://i.imgur.com/g7Si9Vh.jpg,repsneakers,rep
http://i.imgur.com/puvuUCJ.jpg,repsneakers,rep
http://i.imgur.com/zlam8lc.jpg,repsneakers,rep
http://i.imgur.com/WdXzkXm.jpg,repsneakers,rep
http://i.imgur.com/HNar2vU.jpg,repsneakers,rep
http://i.imgur.com/3vdxBsg.jpg,repsneakers,rep
http://i.imgur.com/wmyDm3G.jpg,repsneakers,rep
http://i.imgur.com/pSxRusT.jpg,repsneakers,rep
http://i.imgur.com/KB6oUVS.jpg,repsneakers,rep
http://i.imgur.com/uAwN88P.jpg,repsneakers,rep
http://i.imgur.com/LO6eJsT.jpg,repsneakers,rep
http://i.imgur.com/FTHz708.jpg,repsneakers,rep
http://i.imgur.com/fa1vqR7.jpg,repsneakers,rep
http://i.imgur.com/Ku0XQ8d.jpg,repsneakers,rep
http://i.imgur.com/NiiN1Pe.jpg,repsneakers,rep
http://i.imgur.com/KFu38Ls.jpg,repsneakers,rep
http://i.imgur.com/O9Nwhqp.jpg,repsneakers,rep
http://i.imgur.com/zY0Yhop.jpg,repsneakers,rep
http://i.imgur.com/BsoQp2J.jpg,repsneakers,rep
http://i.imgur.com/WcDJrwJ.jpg,repsneakers,rep
http://i.imgur.com/sGET9RE.jpg,repsneakers,rep
http://i.imgur.com/hWdFzZd.jpg,repsneakers,rep
http://i.imgur.com/SpqWRFR.jpg,repsneakers,rep
http://i.imgur.com/BU5A3DY.jpg,repsneakers,rep
http://i.imgur.com/DoLpXey.jpg,repsneakers,rep
http://i.imgur.com/zgbQ71D.jpg,repsneakers,rep
http://i.imgur.com/x14DDCD.jpg,repsneakers,rep
http://i.imgur.com/AG3OJEm.jpg,repsneakers,rep
http://i.imgur.com/UBccxem.jpg,repsneakers,rep
http://i.imgur.com/cEh4Bvt.jpg,repsneakers,rep
http://i.imgur.com/B44LRlG.jpg,repsneakers,rep
http://i.imgur.com/5rwGfZg.jpg,repsneakers,rep
http://i.imgur.com/PDOD1Em.png,repsneakers,rep
http://i.imgur.com/ASNElZ6.jpg,repsneakers,rep
http://i.imgur.com/piYEP4Z.jpg,repsneakers,rep
http://i.imgur.com/GlmJLnn.jpg,repsneakers,rep
http://i.imgur.com/Vc2Unmt.jpg,repsneakers,rep
http://i.imgur.com/RmWXgFo.jpg,repsneakers,rep
http://i.imgur.com/GTAwtnI.jpg,repsneakers,rep
http://i.imgur.com/Hmie4ke.jpg,repsneakers,rep
http://i.imgur.com/pUvgjBX.jpg,repsneakers,rep
http://i.imgur.com/YeNJRyx.jpg,repsneakers,rep
http://i.imgur.com/SqgQAM3.jpg,repsneakers,rep
http://i.imgur.com/wRo9UWZ.jpg,repsneakers,rep
http://i.imgur.com/zweV298.jpg,repsneakers,rep
http://i.imgur.com/Q91gRiU.jpg,repsneakers,rep
http://i.imgur.com/Dldg8QV.jpg,repsneakers,rep
http://i.imgur.com/XvbhNyF.jpg,repsneakers,rep
http://i.imgur.com/smQWqwF.jpg,repsneakers,rep
http://i.imgur.com/qC6K5xT.jpg,repsneakers,rep
http://i.imgur.com/t1V0NbQ.jpg,repsneakers,rep
http://i.imgur.com/s4kdaHZ.jpg,repsneakers,rep
http://i.imgur.com/SkbowTA.jpg,repsneakers,rep
http://i.imgur.com/EWbU1Qq.jpg,repsneakers,rep
http://i.imgur.com/p4eKHHW.jpg,repsneakers,rep
http://i.imgur.com/ZkyHS02.jpg,repsneakers,rep
http://i.imgur.com/gz4MuHM.jpg,repsneakers,rep
http://i.imgur.com/MHJLAXD.jpg,repsneakers,rep
http://i.imgur.com/AGn6yzx.jpg,repsneakers,rep
http://i.imgur.com/0T9BO0c.jpg,repsneakers,rep
http://i.imgur.com/VVXtO92.jpg,repsneakers,rep
http://i.imgur.com/iF2HSOO.jpg,repsneakers,rep
http://i.imgur.com/7tyS9Z3.jpg,repsneakers,rep
http://i.imgur.com/ETw3hmI.mp4,repsneakers,rep
http://i.imgur.com/XJ06MSy.jpg,repsneakers,rep
http://i.imgur.com/YCZivcK.jpg?3,repsneakers,rep
http://i.imgur.com/GVq2wNa.jpg,repsneakers,rep
http://i.imgur.com/wzFy2kl.jpg,repsneakers,rep
http://i.imgur.com/OMzUjEH.jpg,repsneakers,rep
http://i.imgur.com/Jz9gRoI.jpg,repsneakers,rep
http://i.imgur.com/325s8hb.jpg,repsneakers,rep
http://i.imgur.com/nkIoLwF.jpg,repsneakers,rep
http://i.imgur.com/0sQfB5G.jpg,repsneakers,rep
http://i.imgur.com/KMkptY7.jpg,repsneakers,rep
http://i.imgur.com/l9LqpCX.jpg,repsneakers,rep
http://i.imgur.com/ji3WYcX.jpg,repsneakers,rep
http://i.imgur.com/0YnA0X6.jpg,repsneakers,rep
http://i.imgur.com/b4EYuuW.jpg,repsneakers,rep
http://i.imgur.com/plAgONN.jpg,repsneakers,rep
http://i.imgur.com/68pgNEW.jpg,repsneakers,rep
http://i.imgur.com/Brnfx8o.jpg,repsneakers,rep
http://i.imgur.com/kGHK88T.jpg,repsneakers,rep
http://i.imgur.com/LkcH2QL.jpg,repsneakers,rep
http://i.imgur.com/vi2g7Lo.jpg,repsneakers,rep
http://i.imgur.com/XOB3FbA.jpg,repsneakers,rep
http://i.imgur.com/BDpPjWx.jpg,repsneakers,rep
http://i.imgur.com/hA7Oo3v.jpg,repsneakers,rep
http://i.imgur.com/RT7p9HB.jpg,repsneakers,rep
http://i.imgur.com/IdZKhqi.jpg,repsneakers,rep
http://i.imgur.com/EMs9IWA.jpg,repsneakers,rep
http://i.imgur.com/NwdEsfu.jpg,repsneakers,rep
http://i.imgur.com/3XKAjOQ.jpg,repsneakers,rep
http://i.imgur.com/R5KSPSa.jpg,repsneakers,rep
http://i.imgur.com/bSdLF7s.jpg,repsneakers,rep
http://i.imgur.com/1qE8Urh.jpg,repsneakers,rep
http://i.imgur.com/bVb2Drf.jpg,repsneakers,rep
http://i.imgur.com/mqZfI4M.jpg,repsneakers,rep
http://i.imgur.com/tFUitwJ.jpg,repsneakers,rep
http://i.imgur.com/DTy1AxF.jpg,repsneakers,rep
http://i.imgur.com/0B3eijC.jpg,repsneakers,rep
http://i.imgur.com/4ehpZGz.jpg,repsneakers,rep
http://i.imgur.com/T7fTKyZ.jpg,repsneakers,rep
http://i.imgur.com/FlX74px.jpg,repsneakers,rep
http://i.imgur.com/gd3Ki8w.jpg,repsneakers,rep
http://i.imgur.com/rMmCTUC.jpg,repsneakers,rep
http://i.imgur.com/K1FOZqn.jpg,repsneakers,rep
http://i.imgur.com/k3N1Qun.jpg,repsneakers,rep
http://i.imgur.com/iGV2Re4.jpg,repsneakers,rep
http://i.imgur.com/RJ40gCL.jpg,repsneakers,rep
http://i.imgur.com/Eg25ZOM.jpg,repsneakers,rep
http://i.imgur.com/CMOaAQO.jpg,repsneakers,rep
http://i.imgur.com/50wSID8.jpg,repsneakers,rep
http://i.imgur.com/hGOcLFr.jpg,repsneakers,rep
http://i.imgur.com/W1CLn3R.jpg,repsneakers,rep
http://i.imgur.com/TmF5jTA.jpg,repsneakers,rep
http://i.imgur.com/qYwXyNE.jpg,repsneakers,rep
http://i.imgur.com/QOxl1l0.jpg,repsneakers,rep
http://i.imgur.com/zrdODvw.jpg,repsneakers,rep
http://i.imgur.com/dJ6blDv.jpg,repsneakers,rep
http://i.imgur.com/oTdQRjw.mp4,repsneakers,rep
http://i.imgur.com/eDKgtMv.jpg,repsneakers,rep
http://i.imgur.com/QwVUQTW.jpg,repsneakers,rep
http://i.imgur.com/9tjkh85.jpg,repsneakers,rep
http://i.imgur.com/TRRTqXv.jpg,repsneakers,rep
http://i.imgur.com/TzmahZz.png,repsneakers,rep
http://i.imgur.com/5kmhCPD.png,repsneakers,rep
http://i.imgur.com/EnNhY9J.jpg,repsneakers,rep
http://i.imgur.com/aGaMdP1.jpg,repsneakers,rep
http://i.imgur.com/gaF92Bx.jpg,repsneakers,rep
http://i.imgur.com/ewMPckt.jpg,repsneakers,rep
http://i.imgur.com/WcLOaoA.jpg,repsneakers,rep
http://i.imgur.com/C9pGZnx.jpg,repsneakers,rep
http://i.imgur.com/JR8EqwR.jpg,repsneakers,rep
http://i.imgur.com/vBQ9mxa.jpg,repsneakers,rep
http://i.imgur.com/d7zvNOB.jpg,repsneakers,rep
http://i.imgur.com/PwZpwdt.jpg,repsneakers,rep
http://i.imgur.com/TY2oE8c.jpg,repsneakers,rep
http://i.imgur.com/YFz3qPF.jpg,repsneakers,rep
http://i.imgur.com/jsmtzN1.jpg,repsneakers,rep
http://i.imgur.com/UKfmmCJ.jpg,repsneakers,rep
http://i.imgur.com/Rzuh9P9.jpg,repsneakers,rep
http://i.imgur.com/m2GMBLV.jpg,repsneakers,rep
http://i.imgur.com/a4XxUjI.jpg,repsneakers,rep
http://i.imgur.com/YkuEHU1.jpg,repsneakers,rep
http://i.imgur.com/XzvhGYS.jpg,repsneakers,rep
http://i.imgur.com/CNx5RGt.jpg,repsneakers,rep
http://i.imgur.com/s4MzVUp.jpg,repsneakers,rep
http://i.imgur.com/ca1sLMR.jpg,repsneakers,rep
http://i.imgur.com/XqfvHej.jpg,repsneakers,rep
http://i.imgur.com/N74NnBf.jpg,repsneakers,rep
http://i.imgur.com/SxrJb79.jpg,repsneakers,rep
http://i.imgur.com/HhxLEbT.jpg,repsneakers,rep
http://i.imgur.com/6oj2DPS.jpg,repsneakers,rep
http://i.imgur.com/gdLn2cd.jpg,repsneakers,rep
http://i.imgur.com/6jJwGkJ.jpg,repsneakers,rep
http://i.imgur.com/EQMWx6P.jpg,repsneakers,rep
http://i.imgur.com/OOBkAy1.jpg,repsneakers,rep
http://i.imgur.com/Ju5VsVE.jpg,repsneakers,rep
http://i.imgur.com/MIyKvYi.jpg,repsneakers,rep
http://i.imgur.com/AHSl1ad.jpg,repsneakers,rep
http://i.imgur.com/n7r3swC.jpg,repsneakers,rep
http://i.imgur.com/A8Puss3.jpg,repsneakers,rep
http://i.imgur.com/W32GnZ1.jpg,repsneakers,rep
http://i.imgur.com/5aJkaqg.jpg,repsneakers,rep
http://i.imgur.com/B9jpqKg.jpg,repsneakers,rep
http://i.imgur.com/yKouOJ8.jpg,repsneakers,rep
http://i.imgur.com/Kk6Vatg.jpg,repsneakers,rep
http://i.imgur.com/n67wsXM.jpg,repsneakers,rep
http://i.imgur.com/WfDvkav.jpg,repsneakers,rep
http://i.imgur.com/jAy5qhS.jpg,repsneakers,rep
http://i.imgur.com/js5Dgi9.jpg,repsneakers,rep
http://i.imgur.com/mz361h4.jpg,repsneakers,rep
http://i.imgur.com/hT9dfxr.jpg,repsneakers,rep
http://i.imgur.com/qwo0vXa.jpg,repsneakers,rep
http://i.imgur.com/UaSblgp.jpg,repsneakers,rep
http://i.imgur.com/JHle2jv.jpg,repsneakers,rep
http://i.imgur.com/e6nGavV.jpg,repsneakers,rep
http://i.imgur.com/3iOsc6f.jpg?1,repsneakers,rep
http://i.imgur.com/AeVZsoJ.jpg,repsneakers,rep
http://i.imgur.com/4BtaiZf.jpg,repsneakers,rep
http://i.imgur.com/qykFBg5.jpg,repsneakers,rep
http://i.imgur.com/ecx5Cn8.jpg,repsneakers,rep
http://i.imgur.com/ESqKMfz.jpg,repsneakers,rep
http://i.imgur.com/0pcu1ro.jpg,repsneakers,rep
http://i.imgur.com/PKFHqqz.jpg,repsneakers,rep
http://i.imgur.com/3KnD9Zo.jpg,repsneakers,rep
http://i.imgur.com/a2MIdM6.jpg,repsneakers,rep
http://i.imgur.com/5t4sqnn.jpg,repsneakers,rep
http://i.imgur.com/7aXzoaK.jpg,repsneakers,rep
http://i.imgur.com/1L0g3PN.jpg,repsneakers,rep
http://i.imgur.com/VSqRrZj.jpg,repsneakers,rep
http://i.imgur.com/L4ZVeLZ.jpg,repsneakers,rep
http://i.imgur.com/jbTQ7iN.jpg,repsneakers,rep
http://i.imgur.com/qM48Knx.jpg,repsneakers,rep
http://i.imgur.com/xA0loP7.jpg,repsneakers,rep
http://i.imgur.com/lw2aCp3.jpg,repsneakers,rep
http://i.imgur.com/qDdGyEL.jpg,repsneakers,rep
http://i.imgur.com/zZQPuBI.jpg,repsneakers,rep
http://i.imgur.com/mg8Fcgn.jpg,repsneakers,rep
http://i.imgur.com/VaObfSK.jpg,repsneakers,rep
http://i.imgur.com/Aenugqn.jpg,repsneakers,rep
http://i.imgur.com/FOwyfdN.jpg,repsneakers,rep
http://i.imgur.com/MKu3uqx.jpg,repsneakers,rep
http://i.imgur.com/UGrGYiR.jpg,repsneakers,rep
http://i.imgur.com/6EizwsJ.jpg,repsneakers,rep
http://i.imgur.com/GV9s57U.jpg,repsneakers,rep
http://i.imgur.com/y1A7bVU.jpg,repsneakers,rep
http://i.imgur.com/1hEcNML.jpg,repsneakers,rep
http://i.imgur.com/oT75NHq.jpg,repsneakers,rep
http://i.imgur.com/u9v9jeG.jpg,repsneakers,rep
http://i.imgur.com/LxMPTGn.jpg,repsneakers,rep
http://i.imgur.com/fPIZETR.jpg,repsneakers,rep
http://i.imgur.com/cXRPIfm.jpg,repsneakers,rep
http://i.imgur.com/IdAInnw.jpg,repsneakers,rep
http://i.imgur.com/im7KanC.jpg,repsneakers,rep
http://i.imgur.com/JP7steG.jpg,repsneakers,rep
http://i.imgur.com/Z5FDPcJ.jpg,repsneakers,rep
http://i.imgur.com/dZa6IhV.jpg,repsneakers,rep
http://i.imgur.com/nppMYrw.jpg,repsneakers,rep
http://i.imgur.com/8D28tx4.jpg,repsneakers,rep
http://i.imgur.com/A2s7DOg.jpg,repsneakers,rep
http://i.imgur.com/8kRnRNZ.jpg,repsneakers,rep
http://i.imgur.com/gFme21Z.jpg,repsneakers,rep
http://i.imgur.com/dHOsZAn.jpg,repsneakers,rep
http://i.imgur.com/Y3cekGk.jpg,repsneakers,rep
http://i.imgur.com/HgF6EQ6.jpg,repsneakers,rep
http://i.imgur.com/Zw4vTu4.jpg,repsneakers,rep
http://i.imgur.com/0ZEmFMx.jpg,repsneakers,rep
http://i.imgur.com/gWSab9m.jpg,repsneakers,rep
http://i.imgur.com/0gUrPob.jpg,repsneakers,rep
http://i.imgur.com/FgI52Iq.jpg,repsneakers,rep
http://i.imgur.com/a6RmcCZ.jpg,repsneakers,rep
http://i.imgur.com/f4w5EQZ.jpg,repsneakers,rep
http://i.imgur.com/3xPwrjC.png,repsneakers,rep
http://i.imgur.com/6zUaFT6.jpg,repsneakers,rep
http://i.imgur.com/ToN2bJV.png,repsneakers,rep
http://i.imgur.com/8F8pzAM.jpg,repsneakers,rep
http://i.imgur.com/hYAv2fJ.jpg,repsneakers,rep
http://i.imgur.com/4Z6sV5v.jpg,repsneakers,rep
http://i.imgur.com/G5GvcA9.jpg,repsneakers,rep
http://i.imgur.com/SMcvMCU.jpg,repsneakers,rep
http://i.imgur.com/tg1atZT.jpg,repsneakers,rep
http://i.imgur.com/iGszKFt.jpg,repsneakers,rep
http://i.imgur.com/VvKTg8g.jpg,repsneakers,rep
http://i.imgur.com/NnQ3jIG.jpg,repsneakers,rep
http://i.imgur.com/Lu4JdMK.jpg,repsneakers,rep
http://i.imgur.com/AZzUu2P.jpg,repsneakers,rep
http://i.imgur.com/rp5Up1M.jpg,repsneakers,rep
http://i.imgur.com/YUvnkd7.jpg,repsneakers,rep
http://i.imgur.com/gWNm3op.jpg,repsneakers,rep
http://i.imgur.com/x1YfMtl.jpg,repsneakers,rep
http://i.imgur.com/rnbLyLt.jpg,repsneakers,rep
http://i.imgur.com/No2K3HK.jpg,repsneakers,rep
http://i.imgur.com/VE61FNb.jpg,repsneakers,rep
http://i.imgur.com/0t5xxkv.jpg,repsneakers,rep
http://i.imgur.com/7drmRU7.jpg,repsneakers,rep
http://i.imgur.com/XtVgfHQ.jpg,repsneakers,rep
http://i.imgur.com/dxwvZmS.jpg,repsneakers,rep
http://i.imgur.com/vnomiTe.jpg,repsneakers,rep
http://i.imgur.com/dXVFyOJ.jpg,repsneakers,rep
http://i.imgur.com/IL9hygf.jpg,repsneakers,rep
http://i.imgur.com/tSXlPUc.jpg,repsneakers,rep
http://i.imgur.com/uDl53Aw.jpg,repsneakers,rep
http://i.imgur.com/UcDkIsL.jpg,repsneakers,rep
http://i.imgur.com/EBnWcXC.jpg,repsneakers,rep
http://i.imgur.com/HRDhb8x.jpg,repsneakers,rep
http://i.imgur.com/BTOI4GX.jpg,repsneakers,rep
http://i.imgur.com/BJmyeU7.jpg,repsneakers,rep
http://i.imgur.com/TnqoYit.jpg,repsneakers,rep
http://i.imgur.com/AQhsJCf.jpg,repsneakers,rep
http://i.imgur.com/QhtuHcm.jpg,repsneakers,rep
http://i.imgur.com/Gt2OdBR.jpg,repsneakers,rep
http://i.imgur.com/Kh87L5W.jpg,repsneakers,rep
http://i.imgur.com/S4NgV1j.jpg,repsneakers,rep
http://i.imgur.com/Nd5Mdv0.jpg,repsneakers,rep
http://i.imgur.com/rXeFNQk.jpg,repsneakers,rep
http://i.imgur.com/H4jtJCd.jpg,repsneakers,rep
http://i.imgur.com/9gcl9bO.jpg,repsneakers,rep
http://i.imgur.com/pdznpOP.jpg,repsneakers,rep
http://i.imgur.com/UwqqxXG.jpg,repsneakers,rep
http://i.imgur.com/Bj3eV4h.png,repsneakers,rep
http://i.imgur.com/ZBppg8C.jpg,repsneakers,rep
http://i.imgur.com/ylPr7lh.jpg,repsneakers,rep
http://i.imgur.com/t452LJa.jpg,repsneakers,rep
http://i.imgur.com/5GlS8b7.jpg,repsneakers,rep
http://i.imgur.com/hPEWz9n.jpg,repsneakers,rep
http://i.imgur.com/a1v7Rxs.jpg,repsneakers,rep
http://i.imgur.com/T5i83a7.jpg,repsneakers,rep
http://i.imgur.com/onlG4ue.mp4,repsneakers,rep
http://i.imgur.com/yvHQwwR.jpg,repsneakers,rep
http://i.imgur.com/MiF5fHO.jpg,repsneakers,rep
http://i.imgur.com/tEwh2H4.jpg,repsneakers,rep
http://i.imgur.com/zOh5h3C.jpg,repsneakers,rep
http://i.imgur.com/OuAPtCC.jpg,repsneakers,rep
http://i.imgur.com/p31ELUw.jpg,repsneakers,rep
http://i.imgur.com/TxYhyyu.jpg,repsneakers,rep
http://i.imgur.com/cn87dr4.jpg,repsneakers,rep
http://i.imgur.com/sAzuaa4.jpg,repsneakers,rep
http://i.imgur.com/lXZ865J.jpg,repsneakers,rep
http://i.imgur.com/rxHYwWh.jpg,repsneakers,rep
http://i.imgur.com/K4FakeU.jpg,repsneakers,rep
http://i.imgur.com/iftraHc.jpg,repsneakers,rep
http://i.imgur.com/SKr8kTU.jpg,repsneakers,rep
http://i.imgur.com/9F7O4cm.jpg,repsneakers,rep
http://i.imgur.com/CyH65MW.jpg,repsneakers,rep
http://i.imgur.com/AUNL9jo.jpg,repsneakers,rep
http://i.imgur.com/yqyOHsk.jpg,repsneakers,rep
http://i.imgur.com/BOVWE7Q.jpg,repsneakers,rep
http://i.imgur.com/3W3ysED.jpg,repsneakers,rep
http://i.imgur.com/nGiUUVz.jpg,repsneakers,rep
http://i.imgur.com/ixmJY6z.jpg,repsneakers,rep
http://i.imgur.com/xAcwaZM.jpg,repsneakers,rep
http://i.imgur.com/sTJlZh2.jpg,repsneakers,rep
http://i.imgur.com/Xns7ZUj.jpg,repsneakers,rep
http://i.imgur.com/RYO8uOV.jpg,repsneakers,rep
http://i.imgur.com/Ta8C6N4.jpg,repsneakers,rep
http://i.imgur.com/o6OKQzA.jpg,repsneakers,rep
http://i.imgur.com/dcFphYD.jpg,repsneakers,rep
http://i.imgur.com/R8puT8g.jpg,repsneakers,rep
http://i.imgur.com/YCk6heo.jpg,repsneakers,rep
http://i.imgur.com/4IVi5hu.jpg,repsneakers,rep
http://i.imgur.com/UgBnZza.jpg,repsneakers,rep
http://i.imgur.com/9s7kjFh.jpg,repsneakers,rep
http://i.imgur.com/fCyGYm2.jpg,repsneakers,rep
http://i.imgur.com/GUYWFeM.jpg,repsneakers,rep
http://i.imgur.com/CMIRw0s.jpg,repsneakers,rep
http://i.imgur.com/7LPc5fV.jpg,repsneakers,rep
http://i.imgur.com/Eq1wI3O.jpg,repsneakers,rep
http://i.imgur.com/HZdMnne.jpg,repsneakers,rep
http://i.imgur.com/oQNEg21.jpg,repsneakers,rep
http://i.imgur.com/m3h2eLB.jpg,repsneakers,rep
http://i.imgur.com/dWZDBHU.jpg,repsneakers,rep
http://i.imgur.com/UkiTZCd.jpg,repsneakers,rep
http://i.imgur.com/IxFlifz.jpg,repsneakers,rep
http://i.imgur.com/BLbLQoX.jpg,repsneakers,rep
http://i.imgur.com/aRCCkN3.jpg,repsneakers,rep
http://i.imgur.com/azGksSx.jpg,repsneakers,rep
http://i.imgur.com/mXAXIdw.jpg,repsneakers,rep
http://i.imgur.com/ORr2I8Q.jpg,repsneakers,rep
http://i.imgur.com/xJDEakv.jpg,repsneakers,rep
http://i.imgur.com/5vwaMk7.jpg,repsneakers,rep
http://i.imgur.com/QxD9wXG.jpg,repsneakers,rep
http://i.imgur.com/9qQ4Hl9.jpg,repsneakers,rep
http://i.imgur.com/bi2mox1.jpg,repsneakers,rep
http://i.imgur.com/3r1aEbq.jpg,repsneakers,rep
http://i.imgur.com/B4EJvfX.jpg,repsneakers,rep
http://i.imgur.com/t6Cozm3.jpg,repsneakers,rep
http://i.imgur.com/sIhxS63.jpg,repsneakers,rep
http://i.imgur.com/1qUkIl2.jpg,repsneakers,rep
http://i.imgur.com/7PJWtey.jpg,repsneakers,rep
http://i.imgur.com/kl0dyK7.jpg,repsneakers,rep
http://i.imgur.com/tO3ieHm.jpg,repsneakers,rep
http://i.imgur.com/Yigx0h1.jpg,repsneakers,rep
http://i.imgur.com/bZCOdtU.jpg,repsneakers,rep
http://i.imgur.com/1e5gsEx.jpg,repsneakers,rep
http://i.imgur.com/3FEzh4w.jpg,repsneakers,rep
http://i.imgur.com/q6INUxH.jpg,repsneakers,rep
http://i.imgur.com/vE6LLOK.jpg,repsneakers,rep
http://i.imgur.com/JYQXDLq.jpg,repsneakers,rep
http://i.imgur.com/kVkccbO.jpg,repsneakers,rep
http://i.imgur.com/O6nT2F7.jpg,repsneakers,rep
http://i.imgur.com/O0MAexj.jpg,repsneakers,rep
http://i.imgur.com/iCHIztW.jpg,repsneakers,rep
http://i.imgur.com/RwL68r3.jpg,repsneakers,rep
http://i.imgur.com/6BOZpdy.jpg,repsneakers,rep
http://i.imgur.com/F6ApdVT.jpg,repsneakers,rep
http://i.imgur.com/bV6xJMf.jpg,repsneakers,rep
http://i.imgur.com/M0YatyN.jpg,repsneakers,rep
http://i.imgur.com/MjcjE9W.jpg,repsneakers,rep
http://i.imgur.com/4bYmEEj.jpg,repsneakers,rep
http://i.imgur.com/0Gh3KUG.jpg,repsneakers,rep
http://i.imgur.com/xdTU4wL.jpg,repsneakers,rep
http://i.imgur.com/W3pQb0I.jpg,repsneakers,rep
http://i.imgur.com/de1qk4V.jpg,repsneakers,rep
http://i.imgur.com/PZZmyv8.jpg,repsneakers,rep
http://i.imgur.com/NT4lXSx.jpg,repsneakers,rep
http://i.imgur.com/Ue0NYqR.jpg,repsneakers,rep
http://i.imgur.com/pyELSPe.jpg,repsneakers,rep
http://i.imgur.com/VPytufh.jpg,repsneakers,rep
http://i.imgur.com/gDZ6SSQ.jpg,repsneakers,rep
http://i.imgur.com/qIn2IRK.jpg,repsneakers,rep
http://i.imgur.com/MpYjNQQ.jpg,repsneakers,rep
http://i.imgur.com/Hua9ssm.jpg,repsneakers,rep
http://i.imgur.com/VaqLScE.jpg,repsneakers,rep
http://i.imgur.com/KY70B70.jpg,repsneakers,rep
http://i.imgur.com/0Kw0OnK.jpg,repsneakers,rep
http://i.imgur.com/YRSoNrm.jpg,repsneakers,rep
http://i.imgur.com/k59LKLn.jpg,repsneakers,rep
http://i.imgur.com/Yk459un.jpg,repsneakers,rep
http://i.imgur.com/EdgIbCw.jpg,repsneakers,rep
http://i.imgur.com/uv02yIq.jpg,repsneakers,rep
http://i.imgur.com/EnRzwlO.jpg,repsneakers,rep
http://i.imgur.com/rVERlzP.jpg,repsneakers,rep
http://i.imgur.com/s50xXkp.jpg,repsneakers,rep
http://i.imgur.com/vn7Ges9.jpg,repsneakers,rep
http://i.imgur.com/3mF8xbm.jpg,repsneakers,rep
http://i.imgur.com/5l0NOuk.png,repsneakers,rep
http://i.imgur.com/CsDDxpQ.png,repsneakers,rep
http://i.imgur.com/88krKPX.png,repsneakers,rep
http://i.imgur.com/e99BfgK.png,repsneakers,rep
http://i.imgur.com/IuiO0OL.png,repsneakers,rep
http://i.imgur.com/bNKryjb.png,repsneakers,rep
http://i.imgur.com/XWUQRvC.png,repsneakers,rep
http://i.imgur.com/hhXpTTR.png,repsneakers,rep
http://i.imgur.com/6ZixyR4.png,repsneakers,rep
http://i.imgur.com/XTawZRE.jpg,repsneakers,rep
http://i.imgur.com/TaFbeaf.jpg,repsneakers,rep
http://i.imgur.com/O0lXs6h.jpg,repsneakers,rep
http://i.imgur.com/Q1fiWEH.jpg,repsneakers,rep
http://i.imgur.com/2b9KSzG.jpg,repsneakers,rep
http://i.imgur.com/Mod1oiN.jpg,repsneakers,rep
http://i.imgur.com/BtRs6Gu.jpg,repsneakers,rep
http://i.imgur.com/fQn99K2.jpg,repsneakers,rep
http://i.imgur.com/UQZby5Y.jpg,repsneakers,rep
http://i.imgur.com/D8OywtD.jpg,repsneakers,rep
http://i.imgur.com/XNsML3Q.jpg,repsneakers,rep
http://i.imgur.com/Z3Nf5EW.jpg,repsneakers,rep
http://i.imgur.com/s7Jvd30.jpg,repsneakers,rep
http://i.imgur.com/2SvLpny.jpg,repsneakers,rep
http://i.imgur.com/Orw6yOg.jpg,repsneakers,rep
http://i.imgur.com/XbqhLN4.jpg,repsneakers,rep
http://i.imgur.com/EUdzpVa.jpg,repsneakers,rep
http://i.imgur.com/9sbcveI.jpg,repsneakers,rep
http://i.imgur.com/eXQQH5L.jpg,repsneakers,rep
http://i.imgur.com/YN1XKGT.jpg,repsneakers,rep
http://i.imgur.com/DFxuB8P.jpg,repsneakers,rep
http://i.imgur.com/mhHhvxg.jpg,repsneakers,rep
http://i.imgur.com/JVTKZqm.jpg,repsneakers,rep
http://i.imgur.com/pGj5CZm.jpg,repsneakers,rep
http://i.imgur.com/8aE09F3.jpg,repsneakers,rep
http://i.imgur.com/CNLcyez.jpg,repsneakers,rep
http://i.imgur.com/f7FQbG3.jpg,repsneakers,rep
http://i.imgur.com/cH3U9Wr.jpg,repsneakers,rep
http://i.imgur.com/IYVpFxJ.jpg,repsneakers,rep
http://i.imgur.com/awMpjY5.jpg,repsneakers,rep
http://i.imgur.com/Cwc2hvd.jpg,repsneakers,rep
http://i.imgur.com/1I7XmzN.jpg,repsneakers,rep
http://i.imgur.com/5mAOCXu.jpg,repsneakers,rep
http://i.imgur.com/Mi28T1K.jpg,repsneakers,rep
http://i.imgur.com/RiTJBsQ.jpg,repsneakers,rep
http://i.imgur.com/bEQQROV.jpg,repsneakers,rep
http://i.imgur.com/h7tOW1T.jpg,repsneakers,rep
http://i.imgur.com/MXAQFBL.jpg,repsneakers,rep
http://i.imgur.com/1qoCkeA.jpg,repsneakers,rep
http://i.imgur.com/LR5Ayee.jpg,repsneakers,rep
http://i.imgur.com/5vu5ONY.jpg,repsneakers,rep
http://i.imgur.com/CC10f6u.jpg,repsneakers,rep
http://i.imgur.com/8v00NIq.jpg,repsneakers,rep
http://i.imgur.com/vE8GbbH.jpg,repsneakers,rep
http://i.imgur.com/jb0YsNJ.jpg,repsneakers,rep
http://i.imgur.com/zB0I9yK.jpg,repsneakers,rep
http://i.imgur.com/8nV18in.jpg,repsneakers,rep
http://i.imgur.com/n7fTsWq.jpg,repsneakers,rep
http://i.imgur.com/0I1rNk1.jpg,repsneakers,rep
http://i.imgur.com/wRZbMfi.jpg,repsneakers,rep
http://i.imgur.com/iSCVrAg.jpg,repsneakers,rep
http://i.imgur.com/nh4YfC7.jpg,repsneakers,rep
http://i.imgur.com/Qz0Z3cU.jpg,repsneakers,rep
http://i.imgur.com/j0J7XXj.jpg,repsneakers,rep
http://i.imgur.com/oUJZBWq.jpg,repsneakers,rep
http://i.imgur.com/5bAjIxa.jpg,repsneakers,rep
http://i.imgur.com/S1yUXkp.jpg,repsneakers,rep
http://i.imgur.com/4gKNWeJ.jpg,repsneakers,rep
http://i.imgur.com/xhZVxpM.jpg,repsneakers,rep
http://i.imgur.com/JRzfOxH.jpg,repsneakers,rep
http://i.imgur.com/lYOyet7.jpg,repsneakers,rep
http://i.imgur.com/Ytzj9EG.jpg,repsneakers,rep
http://i.imgur.com/1AHlT9M.jpg,repsneakers,rep
http://i.imgur.com/CFROHUT.jpg,repsneakers,rep
http://i.imgur.com/Ae7X3r0.jpg,repsneakers,rep
http://i.imgur.com/gDC7Gwo.jpg,repsneakers,rep
http://i.imgur.com/dsu9CFZ.jpg,repsneakers,rep
http://i.imgur.com/JNFfGLF.jpg,repsneakers,rep
http://i.imgur.com/ESWXgE5.jpg,repsneakers,rep
http://i.imgur.com/oLEha9G.jpg,repsneakers,rep
http://i.imgur.com/QqN52v5.jpg,repsneakers,rep
http://i.imgur.com/3a6L0hu.jpg,repsneakers,rep
http://i.imgur.com/uBnur00.jpg,repsneakers,rep
http://i.imgur.com/XelImdM.jpg,repsneakers,rep
http://i.imgur.com/5IwdCL9.jpg,repsneakers,rep
http://i.imgur.com/zU4l6Ek.jpg,repsneakers,rep
http://i.imgur.com/kze0myh.jpg,repsneakers,rep
http://i.imgur.com/iZUNdQE.jpg,repsneakers,rep
http://i.imgur.com/vo592S4.jpg,repsneakers,rep
http://i.imgur.com/T8cgfGT.jpg,repsneakers,rep
http://i.imgur.com/ROB06hz.jpg,repsneakers,rep
http://i.imgur.com/w49vB79.jpg,repsneakers,rep
http://i.imgur.com/ldIZOXt.jpg,repsneakers,rep
http://i.imgur.com/uiQwIoF.jpg,repsneakers,rep
http://i.imgur.com/qGPtG8D.jpg,repsneakers,rep
http://i.imgur.com/5wg16Go.jpg,repsneakers,rep
http://i.imgur.com/7QF4DGh.jpg,repsneakers,rep
http://i.imgur.com/UyBdMoJ.jpg,repsneakers,rep
http://i.imgur.com/BDFFNtJ.jpg,repsneakers,rep
http://i.imgur.com/LYqi8Yn.jpg,repsneakers,rep
http://i.imgur.com/aNRyKiF.jpg,repsneakers,rep
http://i.imgur.com/DNwYNpg.jpg,repsneakers,rep
http://i.imgur.com/2fSS5HB.jpg,repsneakers,rep
http://i.imgur.com/14ZrdtJ.jpg,repsneakers,rep
http://i.imgur.com/YWeIKwK.jpg,repsneakers,rep
http://i.imgur.com/guhZL4W.jpg,repsneakers,rep
http://i.imgur.com/yTD2fDg.jpg,repsneakers,rep
http://i.imgur.com/WqG10yK.jpg,repsneakers,rep
http://i.imgur.com/6784lNj.jpg,repsneakers,rep
http://i.imgur.com/AH0auve.jpg,repsneakers,rep
http://i.imgur.com/7pb5uWx.jpg,repsneakers,rep
http://i.imgur.com/htfJYZt.jpg,repsneakers,rep
http://i.imgur.com/Cd4cgVI.jpg,repsneakers,rep
http://i.imgur.com/fWqCnH8.jpg,repsneakers,rep
http://i.imgur.com/6JllaHl.jpg,repsneakers,rep
http://i.imgur.com/l2rpqAU.jpg,repsneakers,rep
http://i.imgur.com/zsaYvBR.jpg,repsneakers,rep
http://i.imgur.com/fVQUHBd.jpg,repsneakers,rep
http://i.imgur.com/b06STkD.jpg,repsneakers,rep
http://i.imgur.com/xZRmy9W.jpg,repsneakers,rep
http://i.imgur.com/MD1zVqx.jpg,repsneakers,rep
http://i.imgur.com/wYTiXC9.jpg,repsneakers,rep
http://i.imgur.com/jNrKsVq.jpg,repsneakers,rep
http://i.imgur.com/wvk0XRg.jpg,repsneakers,rep
http://i.imgur.com/0QFToVh.jpg,repsneakers,rep
http://i.imgur.com/MbQ0ezw.jpg,repsneakers,rep
http://i.imgur.com/z392PxW.jpg,repsneakers,rep
http://i.imgur.com/CqHWPM3.jpg,repsneakers,rep
http://i.imgur.com/ZwVUpdL.jpg,repsneakers,rep
http://i.imgur.com/hxHDpCD.jpg,repsneakers,rep
http://i.imgur.com/HCc1NIL.jpg,repsneakers,rep
http://i.imgur.com/AUgZt4c.jpg,repsneakers,rep
http://i.imgur.com/BScYYo9.jpg,repsneakers,rep
http://i.imgur.com/uXIOgDD.jpg,repsneakers,rep
http://i.imgur.com/FVvzXWv.jpg,repsneakers,rep
http://i.imgur.com/E0c10uo.jpg,repsneakers,rep
http://i.imgur.com/MxaS0It.jpg,repsneakers,rep
http://i.imgur.com/fdL0n7W.jpg,repsneakers,rep
http://i.imgur.com/WuKKlQy.jpg,repsneakers,rep
http://i.imgur.com/OJG3lsA.jpg,repsneakers,rep
http://i.imgur.com/JEP41yV.jpg?1,repsneakers,rep
http://i.imgur.com/EWxKhch.jpg,repsneakers,rep
http://i.imgur.com/R0J35mV.jpg,repsneakers,rep
http://i.imgur.com/izSjaUy.jpg?1,repsneakers,rep
http://i.imgur.com/2AmgFb7.jpg?1,repsneakers,rep
http://i.imgur.com/iso0JdH.jpg,repsneakers,rep
http://i.imgur.com/39wsajc.jpg,repsneakers,rep
http://i.imgur.com/VyQwF70.jpg?1,repsneakers,rep
http://i.imgur.com/5tbbBoP.jpg,repsneakers,rep
http://i.imgur.com/htsMjR0.jpg?1,repsneakers,rep
http://i.imgur.com/Uhkvn27.jpg,repsneakers,rep
http://i.imgur.com/ZhBm4mq.jpg,repsneakers,rep
http://i.imgur.com/uvTTSH7.jpg,repsneakers,rep
http://i.imgur.com/OsClAoh.jpg,repsneakers,rep
http://i.imgur.com/VeVivsj.jpg,repsneakers,rep
http://i.imgur.com/a71mRPj.jpg,repsneakers,rep
http://i.imgur.com/Q91P8Kj.jpg,repsneakers,rep
http://i.imgur.com/BSKdzPl.jpg,repsneakers,rep
http://i.imgur.com/QMkZbZG.jpg,repsneakers,rep
http://i.imgur.com/xISFtlA.jpg,repsneakers,rep
http://i.imgur.com/Lh6F1hY.jpg,repsneakers,rep
http://i.imgur.com/LoC2LlG.jpg,repsneakers,rep
http://i.imgur.com/KLp8Dok.jpg,repsneakers,rep
http://i.imgur.com/dhkKzRJ.jpg,repsneakers,rep
http://i.imgur.com/DTICqwh.jpg,repsneakers,rep
http://i.imgur.com/FsbFZgM.jpg,repsneakers,rep
http://i.imgur.com/36rrV8B.jpg,repsneakers,rep
http://i.imgur.com/tYcg0w0.jpg,repsneakers,rep
http://i.imgur.com/ySJg9ja.jpg,repsneakers,rep
http://i.imgur.com/1qZCSwA.jpg,repsneakers,rep
http://i.imgur.com/sEQ3mqx.jpg,repsneakers,rep
http://i.imgur.com/EmE6RAh.jpg,repsneakers,rep
http://i.imgur.com/1wU7tEp.jpg,repsneakers,rep
http://i.imgur.com/knlC9ln.jpg,repsneakers,rep
http://i.imgur.com/EfQkg6K.jpg,repsneakers,rep
http://i.imgur.com/WbFi3nG.jpg,repsneakers,rep
http://i.imgur.com/7sko4tE.jpg,repsneakers,rep
http://i.imgur.com/79qBHuN.jpg,repsneakers,rep
http://i.imgur.com/UtuPGht.jpg,repsneakers,rep
http://i.imgur.com/yqc9s5H.jpg,repsneakers,rep
http://i.imgur.com/14MW3lB.jpg,repsneakers,rep
http://i.imgur.com/Uo82nzW.jpg,repsneakers,rep
http://i.imgur.com/oZHqyTB.jpg,repsneakers,rep
http://i.imgur.com/oA0ei2E.jpg,repsneakers,rep
http://i.imgur.com/mGwAHYD.jpg,repsneakers,rep
http://i.imgur.com/N91C0gJ.jpg,repsneakers,rep
http://i.imgur.com/MCDWMbK.jpg,repsneakers,rep
http://i.imgur.com/GSHGjtA.jpg,repsneakers,rep
http://i.imgur.com/HStymsK.jpg,repsneakers,rep
http://i.imgur.com/4H3rArk.jpg,repsneakers,rep
http://i.imgur.com/uxTlxSy.jpg,repsneakers,rep
http://i.imgur.com/vAW43dT.jpg,repsneakers,rep
http://i.imgur.com/Vnpmp7s.jpg,repsneakers,rep
http://i.imgur.com/c30G6jA.jpg,repsneakers,rep
http://i.imgur.com/y9sfXjE.jpg,repsneakers,rep
http://i.imgur.com/6oPchbB.jpg,repsneakers,rep
http://i.imgur.com/PNxiX4y.jpg,repsneakers,rep
http://i.imgur.com/RxvVaJz.jpg,repsneakers,rep
http://i.imgur.com/t4tfMZM.jpg,repsneakers,rep
http://i.imgur.com/weGPwzS.jpg,repsneakers,rep
http://i.imgur.com/Y85Wp7a.jpg,repsneakers,rep
http://i.imgur.com/b47mAB8.mp4,repsneakers,rep
http://i.imgur.com/OfIMF7D.jpg,repsneakers,rep
http://i.imgur.com/fs49MIT.jpg,repsneakers,rep
http://i.imgur.com/WoG7COb.jpg,repsneakers,rep
http://i.imgur.com/feICT5Q.jpg,repsneakers,rep
http://i.imgur.com/XPxXGWd.jpg,repsneakers,rep
http://i.imgur.com/lf25pVd.jpg,repsneakers,rep
http://i.imgur.com/exFqmYv.jpg,repsneakers,rep
http://i.imgur.com/Gxxu5Vy.jpg,repsneakers,rep
http://i.imgur.com/D9xd2Ya.jpg,repsneakers,rep
http://i.imgur.com/OXAYwNd.jpg,repsneakers,rep
http://i.imgur.com/vhJm1Vk.jpg,repsneakers,rep
http://i.imgur.com/C52ZzWR.jpg,repsneakers,rep
http://i.imgur.com/HAAGKnp.jpg,repsneakers,rep
http://i.imgur.com/OltLBL8.png,repsneakers,rep
http://i.imgur.com/kfl72tF.mp4,repsneakers,rep
http://i.imgur.com/gY0LV8H.mp4,repsneakers,rep
http://i.imgur.com/YCHcMKE.jpg,repsneakers,rep
http://i.imgur.com/nGWNTtw.jpg,repsneakers,rep
http://i.imgur.com/r0vFJse.mp4,repsneakers,rep
http://i.imgur.com/q3jWs7T.jpg,repsneakers,rep
http://i.imgur.com/tueOroS.jpg,repsneakers,rep
http://i.imgur.com/bKtajDv.jpg,repsneakers,rep
http://i.imgur.com/qpyBoIu.jpg,repsneakers,rep
http://i.imgur.com/sIVOot1.jpg,repsneakers,rep
http://i.imgur.com/Sp3kacS.jpg,repsneakers,rep
http://i.imgur.com/ckbcw4C.jpg,repsneakers,rep
http://i.imgur.com/EY8YJ9I.jpg,repsneakers,rep
http://i.imgur.com/Geigzcc.jpg,repsneakers,rep
http://i.imgur.com/gjc5Izn.jpg,repsneakers,rep
http://i.imgur.com/ptQTzjB.jpg,repsneakers,rep
http://i.imgur.com/TIlTh0Y.jpg,repsneakers,rep
http://i.imgur.com/hfPgNNs.png,repsneakers,rep
http://i.imgur.com/g14pQFa.jpg,repsneakers,rep
http://i.imgur.com/1aYrCij.png,repsneakers,rep
http://i.imgur.com/6n1tDI3.jpg,repsneakers,rep
http://i.imgur.com/u3hCcqR.jpg,repsneakers,rep
http://i.imgur.com/A5s0Raq.jpg,repsneakers,rep
http://i.imgur.com/o90Ewjt.jpg,repsneakers,rep
http://i.imgur.com/s7W4lcS.jpg,repsneakers,rep
http://i.imgur.com/QKGtRnK.jpg,repsneakers,rep
http://i.imgur.com/FNxL1K5.jpg,repsneakers,rep
http://i.imgur.com/eRPb5sC.jpg,repsneakers,rep
http://i.imgur.com/M07dstV.jpg,repsneakers,rep
http://i.imgur.com/AVvR3k4.jpg,repsneakers,rep
http://i.imgur.com/j2it8eh.jpg,repsneakers,rep
http://i.imgur.com/cxpZlsf.jpg,repsneakers,rep
http://i.imgur.com/8wUU1eB.jpg,repsneakers,rep
http://i.imgur.com/ukvz7za.jpg,repsneakers,rep
http://i.imgur.com/b4piINO.jpg,repsneakers,rep
http://i.imgur.com/eBz4EeD.jpg,repsneakers,rep
http://i.imgur.com/oZy1Ms8.jpg,repsneakers,rep
http://i.imgur.com/DgDanrj.jpg,repsneakers,rep
http://i.imgur.com/rqs6d9a.jpg,repsneakers,rep
http://i.imgur.com/i1U8Uoo.jpg,repsneakers,rep
http://i.imgur.com/OvDSBWW.jpg,repsneakers,rep
http://i.imgur.com/mHJbCjY.jpg,repsneakers,rep
http://i.imgur.com/6mtu8wv.jpg,repsneakers,rep
http://i.imgur.com/LO2QbmO.jpg,repsneakers,rep
http://i.imgur.com/9ghVlHx.jpg,repsneakers,rep
http://i.imgur.com/i9KF3Yy.jpg,repsneakers,rep
http://i.imgur.com/tBVB3I9.jpg,repsneakers,rep
http://i.imgur.com/Rx0ou0s.jpg,repsneakers,rep
http://i.imgur.com/RAkQfBa.jpg,repsneakers,rep
http://i.imgur.com/AHvq5Vu.jpg,repsneakers,rep
http://i.imgur.com/rPFXPsz.jpg,repsneakers,rep
http://i.imgur.com/YiBiUjo.jpg,repsneakers,rep
http://i.imgur.com/91TPm5X.jpg,repsneakers,rep
http://i.imgur.com/mOgkRWz.jpg,repsneakers,rep
http://i.imgur.com/c28nVAH.jpg,repsneakers,rep
http://i.imgur.com/kr2VF1Y.jpg,repsneakers,rep
http://i.imgur.com/r4V1as2.jpg,repsneakers,rep
http://i.imgur.com/k7Ra6p6.jpg,repsneakers,rep
http://i.imgur.com/5tb9Y1o.jpg,repsneakers,rep
http://i.imgur.com/4cRitzW.jpg,repsneakers,rep
http://i.imgur.com/wbNCT60.jpg,repsneakers,rep
http://i.imgur.com/f5rjG7s.jpg,repsneakers,rep
http://i.imgur.com/cryG6TS.jpg,repsneakers,rep
http://i.imgur.com/EajyyvC.jpg,repsneakers,rep
http://i.imgur.com/73aGNVo.jpg,repsneakers,rep
http://i.imgur.com/ej9M8Rp.jpg,repsneakers,rep
http://i.imgur.com/5178UNI.jpg,repsneakers,rep
http://i.imgur.com/bW449qf.jpg,repsneakers,rep
http://i.imgur.com/6ZD8ouZ.jpg,repsneakers,rep
http://i.imgur.com/SINg8og.jpg,repsneakers,rep
http://i.imgur.com/ZGkW0tM.jpg,repsneakers,rep
http://i.imgur.com/06mFxeB.jpg,repsneakers,rep
http://i.imgur.com/N0l75n2.jpg,repsneakers,rep
http://i.imgur.com/e9i5DuZ.jpg,repsneakers,rep
http://i.imgur.com/vEqksZ7.jpg,repsneakers,rep
http://i.imgur.com/ZeAyEtB.jpg,repsneakers,rep
http://i.imgur.com/JQjGsfW.jpg,repsneakers,rep
http://i.imgur.com/QTTuz3H.jpg,repsneakers,rep
http://i.imgur.com/mhCGZ0U.jpg,repsneakers,rep
http://i.imgur.com/aaI5fDT.jpg,repsneakers,rep
http://i.imgur.com/wGnnWKs.jpg,repsneakers,rep
http://i.imgur.com/1Al6nX0.jpg,repsneakers,rep
http://i.imgur.com/SMuzyE6.jpg,repsneakers,rep
http://i.imgur.com/VHJJ0wU.jpg,repsneakers,rep
http://i.imgur.com/5sCdtQs.jpg,repsneakers,rep
http://i.imgur.com/bwGUayb.jpg,repsneakers,rep
http://i.imgur.com/965SAl1.jpg,repsneakers,rep
http://i.imgur.com/KdeSjzH.jpg,repsneakers,rep
http://i.imgur.com/hu75clt.jpg,repsneakers,rep
http://i.imgur.com/puMg8gI.jpg,repsneakers,rep
http://i.imgur.com/L9OB3lF.jpg,repsneakers,rep
http://i.imgur.com/DOpAq76.jpg,repsneakers,rep
http://i.imgur.com/6Rf3XVx.jpg,repsneakers,rep
http://i.imgur.com/hMzhpa7.jpg,repsneakers,rep
http://i.imgur.com/36VgJxG.jpg,repsneakers,rep
http://i.imgur.com/N1YcioO.jpg,repsneakers,rep
http://i.imgur.com/RRRMkKl.jpg,repsneakers,rep
http://i.imgur.com/3izNj67.jpg,repsneakers,rep
http://i.imgur.com/fl9N9FR.jpg,repsneakers,rep
http://i.imgur.com/M7oadCY.jpg,repsneakers,rep
http://i.imgur.com/bkFHCAV.jpg,repsneakers,rep
http://i.imgur.com/ScPvv5N.jpg,repsneakers,rep
http://i.imgur.com/uc9eVbf.jpg,repsneakers,rep
http://i.imgur.com/IC4iujL.jpg,repsneakers,rep
http://i.imgur.com/GxtUUQS.jpg,repsneakers,rep
http://i.imgur.com/5ZIAlSH.jpg,repsneakers,rep
http://i.imgur.com/MPrpUjN.jpg,repsneakers,rep
http://i.imgur.com/wU32yjz.jpg,repsneakers,rep
http://i.imgur.com/9JTT2lL.jpg,repsneakers,rep
http://i.imgur.com/gS7a8b6.jpg,repsneakers,rep
http://i.imgur.com/iUwq4Nx.jpg,repsneakers,rep
http://i.imgur.com/hvmZN20.jpg,repsneakers,rep
http://i.imgur.com/BXnQcSB.jpg,repsneakers,rep
http://i.imgur.com/ZajpJeA.jpg,repsneakers,rep
http://i.imgur.com/Q3KWJIo.jpg,repsneakers,rep
http://i.imgur.com/1k6Maej.jpg,repsneakers,rep
http://i.imgur.com/lN1daul.jpg,repsneakers,rep
http://i.imgur.com/MRllugd.jpg,repsneakers,rep
http://i.imgur.com/8cF4wwl.jpg,repsneakers,rep
http://i.imgur.com/jSQ89vG.jpg,repsneakers,rep
http://i.imgur.com/ox7kQ4X.jpg,repsneakers,rep
http://i.imgur.com/QcnerPj.jpg,repsneakers,rep
http://i.imgur.com/HJiHkvN.jpg,repsneakers,rep
http://i.imgur.com/DiKfhAl.jpg,repsneakers,rep
http://i.imgur.com/0wtjogT.jpg,repsneakers,rep
http://i.imgur.com/XKmWmJW.jpg,repsneakers,rep
http://i.imgur.com/x3gGRkf.jpg,repsneakers,rep
http://i.imgur.com/QIdRSJc.jpg,repsneakers,rep
http://i.imgur.com/rSU6EqG.jpg,repsneakers,rep
http://i.imgur.com/Qru91lZ.jpg,repsneakers,rep
http://i.imgur.com/V2OUeM4.jpg,repsneakers,rep
http://i.imgur.com/Fy1vcPt.jpg,repsneakers,rep
http://i.imgur.com/GEfD2L6.jpg,repsneakers,rep
http://i.imgur.com/m8kYBrm.jpg,repsneakers,rep
http://i.imgur.com/izyvapr.jpg,repsneakers,rep
http://i.imgur.com/9HiDXuj.jpg,repsneakers,rep
http://i.imgur.com/5iyEaZH.jpg,repsneakers,rep
http://i.imgur.com/qXoJGU3.jpg,repsneakers,rep
http://i.imgur.com/kyAL51E.jpg,repsneakers,rep
http://i.imgur.com/cvYB7Zo.jpg,repsneakers,rep
http://i.imgur.com/V33ZAVG.jpg,repsneakers,rep
http://i.imgur.com/M3OlSju.jpg,repsneakers,rep
http://i.imgur.com/mQmGfLr.jpg,repsneakers,rep
http://i.imgur.com/rVyOwzk.jpg,repsneakers,rep
http://i.imgur.com/URROxQK.jpg,repsneakers,rep
http://i.imgur.com/IpZfOR9.jpg,repsneakers,rep
http://i.imgur.com/B8h0CfX.jpg,repsneakers,rep
http://i.imgur.com/ul6WSes.jpg,repsneakers,rep
http://i.imgur.com/XSz2dFn.jpg,repsneakers,rep
http://i.imgur.com/YImHC4o.jpg,repsneakers,rep
http://i.imgur.com/j0blagI.jpg,repsneakers,rep
http://i.imgur.com/baF3Ckb.jpg,repsneakers,rep
http://i.imgur.com/pCJ7Oq0.jpg,repsneakers,rep
http://i.imgur.com/nIB6bdn.jpg,repsneakers,rep
http://i.imgur.com/wALaNdK.jpg,repsneakers,rep
http://i.imgur.com/S7q2it9.jpg,repsneakers,rep
http://i.imgur.com/I2ea0R7.jpg,repsneakers,rep
http://i.imgur.com/3xHZ292.jpg,repsneakers,rep
http://i.imgur.com/Y1SSyk1.jpg,repsneakers,rep
http://i.imgur.com/UOr1PDN.jpg,repsneakers,rep
http://i.imgur.com/9Fpgyao.jpg,repsneakers,rep
http://i.imgur.com/L9xIbeD.jpg,repsneakers,rep
http://i.imgur.com/loqrZKU.jpg,repsneakers,rep
http://i.imgur.com/s5xZ0t2.jpg,repsneakers,rep
http://i.imgur.com/KTGtoIf.jpg,repsneakers,rep
http://i.imgur.com/LQChHFv.jpg,repsneakers,rep
http://i.imgur.com/HxbfBfC.jpg,repsneakers,rep
http://i.imgur.com/EzYKBcj.jpg,repsneakers,rep
http://i.imgur.com/ys0Lv9q.jpg,repsneakers,rep
http://i.imgur.com/zLAtomj.jpg,repsneakers,rep
http://i.imgur.com/5X3ozrT.jpg,repsneakers,rep
http://i.imgur.com/ehYL0zN.jpg,repsneakers,rep
http://i.imgur.com/bDwxO9D.jpg,repsneakers,rep
http://i.imgur.com/2IllQwu.jpg,repsneakers,rep
http://i.imgur.com/1qtvpqo.jpg,repsneakers,rep
http://i.imgur.com/rWhAffi.jpg,repsneakers,rep
http://i.imgur.com/2lQdhoR.jpg,repsneakers,rep
http://i.imgur.com/ox74nEV.jpg,repsneakers,rep
http://i.imgur.com/uo0oh02.jpg,repsneakers,rep
http://i.imgur.com/s3rqnAm.jpg,repsneakers,rep
http://i.imgur.com/u2dmnUd.jpg,repsneakers,rep
http://i.imgur.com/azHzvyx.jpg,repsneakers,rep
http://i.imgur.com/78C8TBq.jpg,repsneakers,rep
http://i.imgur.com/p1JTl6q.jpg,repsneakers,rep
http://i.imgur.com/UJyYt2K.jpg,repsneakers,rep
http://i.imgur.com/T5j0XwF.jpg,repsneakers,rep
http://i.imgur.com/CiRfiP4.jpg,repsneakers,rep
http://i.imgur.com/jgSGXQs.jpg,repsneakers,rep
http://i.imgur.com/v97VFLW.jpg,repsneakers,rep
http://i.imgur.com/fhI5trB.jpg,repsneakers,rep
http://i.imgur.com/cWOtKok.jpg,repsneakers,rep
http://i.imgur.com/CLlSZcE.jpg,repsneakers,rep
http://i.imgur.com/mSqtlHz.jpg,repsneakers,rep
http://i.imgur.com/se0Y4ES.jpg,repsneakers,rep
http://i.imgur.com/aiFJtOo.jpg,repsneakers,rep
http://i.imgur.com/hMSQZlu.jpg,repsneakers,rep
http://i.imgur.com/hbaFgDu.jpg,repsneakers,rep
http://i.imgur.com/bUIKZyr.jpg,repsneakers,rep
http://i.imgur.com/ofHUlsS.jpg,repsneakers,rep
http://i.imgur.com/1R8S0oh.jpg,repsneakers,rep
http://i.imgur.com/pzoX6l0.jpg,repsneakers,rep
http://i.imgur.com/n4cBU6j.jpg,repsneakers,rep
http://i.imgur.com/6dn5LhK.jpg,repsneakers,rep
http://i.imgur.com/5jQO4Ez.jpg,repsneakers,rep
http://i.imgur.com/G5ctksP.jpg,repsneakers,rep
http://i.imgur.com/Xln01gJ.jpg,repsneakers,rep
http://i.imgur.com/M22bqjk.jpg,repsneakers,rep
http://i.imgur.com/U549DvC.jpg,repsneakers,rep
http://i.imgur.com/Nz5SKPa.jpg,repsneakers,rep
http://i.imgur.com/l1dK4mI.jpg,repsneakers,rep
http://i.imgur.com/Hpk2PYA.jpg,repsneakers,rep
http://i.imgur.com/3xQofvW.jpg,repsneakers,rep
http://i.imgur.com/x4Ft8jc.jpg,repsneakers,rep
http://i.imgur.com/YB5Lc66.jpg,repsneakers,rep
http://i.imgur.com/DEKvqXX.jpg,repsneakers,rep
http://i.imgur.com/hDcSsux.jpg,repsneakers,rep
http://i.imgur.com/pkOvYug.jpg,repsneakers,rep
http://i.imgur.com/GUu3gC3.jpg,repsneakers,rep
http://i.imgur.com/fKzTgbA.jpg,repsneakers,rep
http://i.imgur.com/0TTzNvj.jpg,repsneakers,rep
http://i.imgur.com/6Yn943d.jpg,repsneakers,rep
http://i.imgur.com/zn06i1z.jpg,repsneakers,rep
http://i.imgur.com/lqCB6up.jpg,repsneakers,rep
http://i.imgur.com/bjNJOQc.jpg,repsneakers,rep
http://i.imgur.com/JWXdcjS.jpg,repsneakers,rep
http://i.imgur.com/q0wA5q9.jpg,repsneakers,rep
http://i.imgur.com/WlwDqbc.jpg,repsneakers,rep
http://i.imgur.com/u524BxE.jpg,repsneakers,rep
http://i.imgur.com/c6xv47a.jpg,repsneakers,rep
http://i.imgur.com/1mVFdYl.jpg,repsneakers,rep
http://i.imgur.com/oinlhK4.jpg,repsneakers,rep
http://i.imgur.com/49d7hih.jpg,repsneakers,rep
http://i.imgur.com/p1Wmk1S.jpg,repsneakers,rep
http://i.imgur.com/vb0HoAX.jpg,repsneakers,rep
http://i.imgur.com/nx3D3Qi.jpg,repsneakers,rep
http://i.imgur.com/sZTaSui.jpg,repsneakers,rep
http://i.imgur.com/yQ48XDb.jpg,repsneakers,rep
http://i.imgur.com/P7XWIbV.jpg,repsneakers,rep
http://i.imgur.com/Vr9d6Vx.jpg,repsneakers,rep
http://i.imgur.com/Wkkf1vv.jpg,repsneakers,rep
http://i.imgur.com/GkBYV3P.jpg,repsneakers,rep
http://i.imgur.com/hBEPWgx.jpg,repsneakers,rep
http://i.imgur.com/DeSOQcA.jpg,repsneakers,rep
http://i.imgur.com/Hz6V9ug.jpg,repsneakers,rep
http://i.imgur.com/rey71ml.jpg,repsneakers,rep
http://i.imgur.com/bHvGl7T.jpg,repsneakers,rep
http://i.imgur.com/ZcSnBHq.jpg,repsneakers,rep
http://i.imgur.com/EVCfLaw.jpg,repsneakers,rep
http://i.imgur.com/OYrwYmS.jpg,repsneakers,rep
http://i.imgur.com/Hrbjds5.jpg,repsneakers,rep
http://i.imgur.com/rDVjDMF.jpg,repsneakers,rep
http://i.imgur.com/SqIib57.jpg,repsneakers,rep
http://i.imgur.com/KlV5DES.jpg,repsneakers,rep
http://i.imgur.com/PPVcV52.jpg,repsneakers,rep
http://i.imgur.com/NB04RGV.jpg,repsneakers,rep
http://i.imgur.com/m578pRf.jpg,repsneakers,rep
http://i.imgur.com/mLfhmVs.jpg,repsneakers,rep
http://i.imgur.com/gK8Oph3.jpg,repsneakers,rep
http://i.imgur.com/8vDDK1c.jpg,repsneakers,rep
http://i.imgur.com/weJaOEk.jpg,repsneakers,rep
http://i.imgur.com/xhV7NZi.jpg,repsneakers,rep
http://i.imgur.com/RKRzU44.jpg,repsneakers,rep
http://i.imgur.com/ISq4xMv.jpg,repsneakers,rep
http://i.imgur.com/mQ5Hjba.jpg,repsneakers,rep
http://i.imgur.com/RC3OLfq.jpg,repsneakers,rep
http://i.imgur.com/QgqjWNS.jpg,repsneakers,rep
http://i.imgur.com/vLO2WTh.jpg,repsneakers,rep
http://i.imgur.com/5nBStXz.jpg,repsneakers,rep
http://i.imgur.com/fNXq35B.jpg,repsneakers,rep
http://i.imgur.com/4gR4j0k.jpg,repsneakers,rep
http://i.imgur.com/Dfwq83v.jpg,repsneakers,rep
http://i.imgur.com/CtOWuAp.jpg,repsneakers,rep
http://i.imgur.com/Wkboung.jpg,repsneakers,rep
http://i.imgur.com/Rg6VUvg.jpg,repsneakers,rep
http://i.imgur.com/aGYxl9d.jpg,repsneakers,rep
http://i.imgur.com/DpwRqdW.jpg,repsneakers,rep
http://i.imgur.com/3HD0yhz.jpg,repsneakers,rep
http://i.imgur.com/VHew2Gw.jpg,repsneakers,rep
http://i.imgur.com/Y13MLpZ.jpg,repsneakers,rep
http://i.imgur.com/6qDN8Ug.jpg,repsneakers,rep
http://i.imgur.com/zVj7POD.jpg,repsneakers,rep
http://i.imgur.com/3M93GZt.jpg,repsneakers,rep
http://i.imgur.com/IHM3w0M.jpg,repsneakers,rep
http://i.imgur.com/2UEISAI.jpg,repsneakers,rep
http://i.imgur.com/NayjUO1.jpg,repsneakers,rep
http://i.imgur.com/jPZYDMe.jpg,repsneakers,rep
http://i.imgur.com/alGBJLi.jpg,repsneakers,rep
http://i.imgur.com/KEeCNVf.jpg,repsneakers,rep
http://i.imgur.com/NcMbDY1.jpg,repsneakers,rep
http://i.imgur.com/03H75fC.jpg,repsneakers,rep
http://i.imgur.com/C3dkAy4.jpg,repsneakers,rep
http://i.imgur.com/IVrqKiQ.jpg,repsneakers,rep
http://i.imgur.com/czO96OZ.jpg,repsneakers,rep
http://i.imgur.com/KdPL5hS.jpg,repsneakers,rep
http://i.imgur.com/ktD8byz.jpg,repsneakers,rep
http://i.imgur.com/3AEgjm4.jpg,repsneakers,rep
http://i.imgur.com/9CytQv9.jpg,repsneakers,rep
http://i.imgur.com/6YO1AQy.jpg,repsneakers,rep
http://i.imgur.com/geoVDIT.jpg,repsneakers,rep
http://i.imgur.com/fU9VPG9.jpg,repsneakers,rep
http://i.imgur.com/RNKPbpN.jpg,repsneakers,rep
http://i.imgur.com/HQ6T3jS.jpg,repsneakers,rep
http://i.imgur.com/Logu142.jpg,repsneakers,rep
http://i.imgur.com/Pwq4gq4.jpg,repsneakers,rep
http://i.imgur.com/nwKK7bX.jpg,repsneakers,rep
http://i.imgur.com/Ya23AWy.jpg,repsneakers,rep
http://i.imgur.com/pKnQN75.jpg,repsneakers,rep
http://i.imgur.com/3HIZRm1.jpg,repsneakers,rep
http://i.imgur.com/Sqvwzrl.jpg,repsneakers,rep
http://i.imgur.com/s0ybn1r.jpg,repsneakers,rep
http://i.imgur.com/WrtjfYJ.jpg,repsneakers,rep
http://i.imgur.com/fWtMVFT.jpg,repsneakers,rep
http://i.imgur.com/TpYXE3D.jpg,repsneakers,rep
http://i.imgur.com/BFFk6yI.jpg,repsneakers,rep
http://i.imgur.com/M8oEDsW.jpg,repsneakers,rep
http://i.imgur.com/cVKlYHF.jpg,repsneakers,rep
http://i.imgur.com/uZ8GI5E.jpg,repsneakers,rep
http://i.imgur.com/qtUqNI0.jpg,repsneakers,rep
http://i.imgur.com/cED8Ktj.jpg,repsneakers,rep
http://i.imgur.com/51vr9M5.jpg,repsneakers,rep
http://i.imgur.com/v5iHwvC.jpg,repsneakers,rep
http://i.imgur.com/5axOKlw.jpg,repsneakers,rep
http://i.imgur.com/XvMTcq4.jpg,repsneakers,rep
http://i.imgur.com/4ktd5xA.jpg,repsneakers,rep
http://i.imgur.com/yxX3DR5.jpg,repsneakers,rep
http://i.imgur.com/HzMO7Ft.jpg,repsneakers,rep
http://i.imgur.com/ej2HNUq.jpg,repsneakers,rep
http://i.imgur.com/Dup2bWH.jpg,repsneakers,rep
http://i.imgur.com/0jzUvM6.jpg,repsneakers,rep
http://i.imgur.com/zoErDnA.jpg,repsneakers,rep
http://i.imgur.com/OyLhzdA.jpg,repsneakers,rep
http://i.imgur.com/ozOeI18.jpg,repsneakers,rep
http://i.imgur.com/fDxCViC.jpg,repsneakers,rep
http://i.imgur.com/JzuyNCg.jpg,repsneakers,rep
http://i.imgur.com/2Y4dUxT.jpg,repsneakers,rep
http://i.imgur.com/Gr4kKs4.jpg,repsneakers,rep
http://i.imgur.com/UvqlF7y.jpg,repsneakers,rep
http://i.imgur.com/uzzMqjv.jpg,repsneakers,rep
http://i.imgur.com/9CLEpU6.png,repsneakers,rep
http://i.imgur.com/JeeZhCG.jpg,repsneakers,rep
http://i.imgur.com/WmvhP1W.png,repsneakers,rep
http://i.imgur.com/ocaiR7v.png,repsneakers,rep
http://i.imgur.com/FWqOzqr.png,repsneakers,rep
http://i.imgur.com/61UrEor.png,repsneakers,rep
http://i.imgur.com/G7kHdKI.png,repsneakers,rep
http://i.imgur.com/fKlrj0I.png,repsneakers,rep
http://i.imgur.com/Vxxo9Wu.png,repsneakers,rep
http://i.imgur.com/WPSwmai.png,repsneakers,rep
http://i.imgur.com/ZO5c3Ns.png,repsneakers,rep
http://i.imgur.com/rCcHvUe.png,repsneakers,rep
http://i.imgur.com/crKmfwW.png,repsneakers,rep
http://i.imgur.com/5VR6k48.jpg,repsneakers,rep
http://i.imgur.com/Fc64TkV.jpg,repsneakers,rep
http://i.imgur.com/z7fvhbR.jpg,repsneakers,rep
http://i.imgur.com/ynnvEkV.jpg,repsneakers,rep
http://i.imgur.com/qfu51z9.jpg,repsneakers,rep
http://i.imgur.com/iBq5YqI.jpg,repsneakers,rep
http://i.imgur.com/AGpcfk4.jpg,repsneakers,rep
http://i.imgur.com/sbo5uVp.jpg,repsneakers,rep
http://i.imgur.com/Yi2tMKi.jpg,repsneakers,rep
http://i.imgur.com/ypGCycY.jpg,repsneakers,rep
http://i.imgur.com/hWUPDNh.jpg,repsneakers,rep
http://i.imgur.com/f3N4LCW.jpg,repsneakers,rep
http://i.imgur.com/xOTG8pp.jpg,repsneakers,rep
http://i.imgur.com/gQDfl45.jpg,repsneakers,rep
http://i.imgur.com/P2hqGdL.jpg,repsneakers,rep
http://i.imgur.com/vtV5pMa.jpg,repsneakers,rep
http://i.imgur.com/dt9YXto.jpg,repsneakers,rep
http://i.imgur.com/b3IILgZ.jpg,repsneakers,rep
http://i.imgur.com/lVRaYAH.jpg,repsneakers,rep
http://i.imgur.com/CKHnn2C.jpg,repsneakers,rep
http://i.imgur.com/XYsIal5.jpg,repsneakers,rep
http://i.imgur.com/VPncrFw.jpg,repsneakers,rep
http://i.imgur.com/kzszQLz.jpg,repsneakers,rep
http://i.imgur.com/xhiZqiZ.jpg,repsneakers,rep
http://i.imgur.com/DVRe1PV.jpg,repsneakers,rep
http://i.imgur.com/vVad8C1.jpg,repsneakers,rep
http://i.imgur.com/sDem6kx.jpg,repsneakers,rep
http://i.imgur.com/E7hxnEh.jpg,repsneakers,rep
http://i.imgur.com/Pd74ItA.jpg,repsneakers,rep
http://i.imgur.com/O5mwD9n.jpg,repsneakers,rep
http://i.imgur.com/fmvuzy2.jpg,repsneakers,rep
http://i.imgur.com/DaUPRxa.jpg,repsneakers,rep
http://i.imgur.com/bVJzfC4.jpg,repsneakers,rep
http://i.imgur.com/U2bF48W.jpg,repsneakers,rep
http://i.imgur.com/6G20Enc.jpg,repsneakers,rep
http://i.imgur.com/LfUoc4u.jpg,repsneakers,rep
http://i.imgur.com/0Eoovo0.jpg,repsneakers,rep
http://i.imgur.com/tzrR0Vp.jpg,repsneakers,rep
http://i.imgur.com/L3Nc5eQ.jpg,repsneakers,rep
http://i.imgur.com/cT2XrTe.jpg,repsneakers,rep
http://i.imgur.com/zBjcZC5.jpg,repsneakers,rep
http://i.imgur.com/oyVvRnV.jpg,repsneakers,rep
http://i.imgur.com/j5AXr4V.jpg,repsneakers,rep
http://i.imgur.com/FvxCCRN.jpg,repsneakers,rep
http://i.imgur.com/IBPBlwO.jpg,repsneakers,rep
http://i.imgur.com/qBP1f2X.jpg,repsneakers,rep
http://i.imgur.com/8IKYDTb.jpg,repsneakers,rep
http://i.imgur.com/EBNWIp4.jpg,repsneakers,rep
http://i.imgur.com/Z0p3DxW.jpg,repsneakers,rep
http://i.imgur.com/jjLjs0C.jpg,repsneakers,rep
http://i.imgur.com/5SS754O.jpg,repsneakers,rep
http://i.imgur.com/oqPdtpG.jpg,repsneakers,rep
http://i.imgur.com/l6Vy8Wo.jpg,repsneakers,rep
http://i.imgur.com/b5tOWn7.jpg,repsneakers,rep
http://i.imgur.com/jepdGjJ.jpg,repsneakers,rep
http://i.imgur.com/TsNxDxS.jpg,repsneakers,rep
http://i.imgur.com/pR7vqfF.jpg,repsneakers,rep
http://i.imgur.com/8xU0q6f.jpg,repsneakers,rep
http://i.imgur.com/Njj1vXd.jpg,repsneakers,rep
http://i.imgur.com/oE3Yyb9.jpg,repsneakers,rep
http://i.imgur.com/KKgsyBh.jpg,repsneakers,rep
http://i.imgur.com/CYhM6fu.jpg,repsneakers,rep
http://i.imgur.com/XRE9PO0.jpg,repsneakers,rep
http://i.imgur.com/4Z3xp8y.jpg,repsneakers,rep
http://i.imgur.com/3zmH2cu.jpg,repsneakers,rep
http://i.imgur.com/X5Q6g1x.jpg,repsneakers,rep
http://i.imgur.com/wFsiAk1.jpg,repsneakers,rep
http://i.imgur.com/Tu51K2u.jpg,repsneakers,rep
http://i.imgur.com/VKYB5G6.jpg,repsneakers,rep
http://i.imgur.com/D1x6kMt.jpg,repsneakers,rep
http://i.imgur.com/KH9gKhX.jpg,repsneakers,rep
http://i.imgur.com/cex45Gz.jpg,repsneakers,rep
http://i.imgur.com/gp1qHct.jpg,repsneakers,rep
http://i.imgur.com/z4E9YY1.jpg,repsneakers,rep
http://i.imgur.com/JQ292vq.jpg,repsneakers,rep
http://i.imgur.com/oOXawGR.jpg,repsneakers,rep
http://i.imgur.com/hXTQN1N.jpg,repsneakers,rep
http://i.imgur.com/8atIAKB.jpg,repsneakers,rep
http://i.imgur.com/879t8XY.jpg,repsneakers,rep
http://i.imgur.com/Sd4C0hA.jpg,repsneakers,rep
http://i.imgur.com/Bhg8uBo.jpg,repsneakers,rep
http://i.imgur.com/QIWfsds.jpg,repsneakers,rep
http://i.imgur.com/T8gqqea.jpg,repsneakers,rep
http://i.imgur.com/E6mW0uy.jpg,repsneakers,rep
http://i.imgur.com/REcqnT9.jpg,repsneakers,rep
http://i.imgur.com/5n68pUo.jpg,repsneakers,rep
http://i.imgur.com/tLd7x3d.jpg,repsneakers,rep
http://i.imgur.com/KJdtx65.jpg,repsneakers,rep
http://i.imgur.com/85u1v61.jpg,repsneakers,rep
http://i.imgur.com/6Sc5679.jpg,repsneakers,rep
http://i.imgur.com/oVXL1U4.jpg,repsneakers,rep
http://i.imgur.com/kyW3Aah.jpg,repsneakers,rep
http://i.imgur.com/x9AYMFN.jpg,repsneakers,rep
http://i.imgur.com/Y8FaVfz.jpg,repsneakers,rep
http://i.imgur.com/lYcjeUb.jpg,repsneakers,rep
http://i.imgur.com/payPAxo.jpg,repsneakers,rep
http://i.imgur.com/iTwEUGM.jpg,repsneakers,rep
http://i.imgur.com/bZygk7k.jpg,repsneakers,rep
http://i.imgur.com/0CNatQr.jpg,repsneakers,rep
http://i.imgur.com/VY4yXWd.jpg,repsneakers,rep
http://i.imgur.com/c6rw18S.jpg,repsneakers,rep
http://i.imgur.com/0fgLEZn.jpg,repsneakers,rep
http://i.imgur.com/m94gYHd.jpg,repsneakers,rep
http://i.imgur.com/6Ttc3gM.jpg,repsneakers,rep
http://i.imgur.com/DvlAjIk.jpg,repsneakers,rep
http://i.imgur.com/x6XCFvC.jpg,repsneakers,rep
http://i.imgur.com/3w8ZhN1.jpg,repsneakers,rep
http://i.imgur.com/4WaDKGk.jpg,repsneakers,rep
http://i.imgur.com/IYkyIfZ.jpg,repsneakers,rep
http://i.imgur.com/5Y2eoxZ.jpg,repsneakers,rep
http://i.imgur.com/KOVqcPf.jpg,repsneakers,rep
http://i.imgur.com/EvFFg1w.jpg,repsneakers,rep
http://i.imgur.com/CxVQZDq.jpg,repsneakers,rep
http://i.imgur.com/WUFZ2kb.jpg,repsneakers,rep
http://i.imgur.com/7gDpFEX.jpg,repsneakers,rep
http://i.imgur.com/lCOt4Aj.jpg,repsneakers,rep
http://i.imgur.com/dXs7mnH.jpg,repsneakers,rep
http://i.imgur.com/AqtpSIx.jpg,repsneakers,rep
http://i.imgur.com/ercIF9S.jpg,repsneakers,rep
http://i.imgur.com/4TZj2Io.jpg,repsneakers,rep
http://i.imgur.com/LSbS1WO.jpg,repsneakers,rep
http://i.imgur.com/DGg4b8C.jpg,repsneakers,rep
http://i.imgur.com/hGilYCO.jpg,repsneakers,rep
http://i.imgur.com/Cn9KmO6.jpg,repsneakers,rep
http://i.imgur.com/OjYKzN0.jpg,repsneakers,rep
http://i.imgur.com/GTRSpto.jpg,repsneakers,rep
http://i.imgur.com/S6bAG2X.jpg,repsneakers,rep
http://i.imgur.com/xFhz512.jpg,repsneakers,rep
http://i.imgur.com/aEO2ZEy.jpg,repsneakers,rep